Year,Waste generated in tonnes
2022,346815.4491201356
2023,358065.620799983
2024,369271.6224086359
2025,380731.10300675954
2026,392025.26915507053
2027,403275.44083491905
2028,414481.4424435695
2029,425940.9230416962
2030,437235.08919000416
2031,448485.26086985366
2032,459691.262478506
2033,471150.74307663017
2034,482444.90922493965
2035,493695.0809047892
2036,504901.08251344046
2037,516360.5631115637
2038,527654.7292598749
2039,538904.9009397237
2040,550110.9025483737
2041,561570.3831464999
