Year,Austria
2020,5086.687594404454
2021,5087.284811523748
2022,5112.268105838167
2023,5136.693763656216
2024,5160.560110062846
2025,5161.157327182208
2026,5186.140621496579
2027,5210.5662793146075
2028,5234.4326257212715
2029,5235.029842840584
2030,5260.013137154972
2031,5284.438794972969
2032,5308.305141379606
2033,5308.902358498929
2034,5333.8856528133165
2035,5358.311310631325
2036,5382.177657038027
2037,5382.77487415738
2038,5407.7581684717225
2039,5432.183826289829
