Year,Japan
2019,333.34344091483064
2020,329.66993968395985
2021,325.46806106895076
2022,325.0153860998443
2023,322.95619509042353
2024,319.28269385965274
2025,315.0808152445252
2026,314.62814027550456
2027,312.5689492661271
2028,308.8954480352716
2029,304.69356942024604
2030,304.24089445111895
2031,302.1817034417585
2032,298.50820221095853
2033,294.3063235958526
2034,293.8536486267823
2035,291.79445761741994
2036,288.1209563866083
2037,283.91907777147316
2038,283.4664028024582
