Year,Poland
2020,314.85146589447356
2021,319.1714580002517
2022,318.43967097390714
2023,318.35593901733023
2024,318.92150213751074
2025,323.24149424329244
2026,322.5097072169369
2027,322.4259752603617
2028,322.9915383805382
2029,327.31153048631444
2030,326.57974345997866
2031,326.4960115034014
2032,327.06157462357237
2033,331.3815667293701
2034,330.6497797030211
2035,330.56604774644046
2036,331.13161086660426
2037,335.45160297240136
2038,334.7198159460495
2039,334.63608398945735
