Year,Portugal
2020,506.4995283932987
2021,514.7803199445045
2022,518.8177613152939
2023,520.9949668204099
2024,521.3142019475551
2025,529.5949934987743
2026,533.6324348695734
2027,535.8096403746752
2028,536.1288755018588
2029,544.4096670530644
2030,548.4471084238576
2031,550.6243139289882
2032,550.943549056198
2033,559.2243406073289
2034,563.2617819781424
2035,565.4389874832891
2036,565.758222610469
2037,574.0390141616074
2038,578.0764555324215
2039,580.2536610375107
