Year,Switzerland
2020,716.7916612621675
2021,710.2259824837719
2022,718.8425105039738
2023,721.7081436552442
2024,718.823759701012
2025,712.258080922667
2026,720.8746089428971
2027,723.740242094123
2028,720.855858140001
2029,714.2901793616188
2030,722.9067073817918
2031,725.7723405330682
2032,722.8879565790008
2033,716.3222778004151
2034,724.9388058206642
2035,727.804438971987
2036,724.9200550179058
2037,718.3543762393502
2038,726.970904259589
2039,729.8365374108657
