Year,United States
2019,754.3382473563391
2020,750.7473714208614
2021,749.0263507567222
2022,752.6614495353114
2023,752.6815452516254
2024,749.0906693160321
2025,747.3696486519653
2026,751.0047474305466
2027,751.0248431468149
2028,747.4339672113274
2029,745.7129465472009
2030,749.3480453257816
2031,749.3681410420866
2032,745.7772651066255
2033,744.0562444423737
2034,747.6913432209897
2035,747.7114389373296
2036,744.1205630018488
2037,742.399542337628
2038,746.0346411162193
